{
  "郑州市": [
    113.64964385,
    34.7566100641
  ],
  "北京市": [
    116.395645038,
    39.9299857781
  ],
  "上海市": [
    121.487899486,
    31.24916171
  ],
  "天津市": [
    117.210813092,
    39.1439299033
  ],
  "河北省": [
    114.522081844,
    38.0489583146
  ],
  "山西省": [
    112.550863589,
    37.890277054
  ],
  "内蒙古自治区": [
    111.66035052,
    40.8283188731
  ],
  "辽宁省": [
    123.432790922,
    41.8086447835
  ],
  "吉林省": [
    125.313642427,
    43.8983376071
  ],
  "黑龙江省": [
    126.657716855,
    45.7732246332
  ],
  "江苏省": [
    118.778074408,
    32.0572355018
  ],
  "浙江省": [
    120.219375416,
    30.2592444615
  ],
  "安徽省": [
    117.282699092,
    31.8669422607
  ],
  "福建省": [
    119.330221107,
    26.0471254966
  ],
  "江西省": [
    115.893527546,
    28.6895780001
  ],
  "山东省": [
    117.024967066,
    36.6827847272
  ],
  "河南省": [
    113.64964385,
    34.7566100641
  ],
  "湖北省": [
    114.316200103,
    30.5810841269
  ],
  "湖南省": [
    112.979352788,
    28.2134782309
  ],
  "广东省": [
    113.307649675,
    23.1200491021
  ],
  "广西壮族自治区": [
    108.297233556,
    22.8064929356
  ],
  "海南省": [
    110.330801848,
    20.022071277
  ],
  "重庆市": [
    106.530635013,
    29.5446061089
  ],
  "四川省": [
    104.067923463,
    30.6799428454
  ],
  "贵州省": [
    106.709177096,
    26.6299067414
  ],
  "云南省": [
    102.714601139,
    25.0491531005
  ],
  "西藏自治区": [
    91.111890896,
    29.6625570621
  ],
  "陕西省": [
    108.953098279,
    34.2777998978
  ],
  "甘肃省": [
    103.823305441,
    36.064225525
  ],
  "青海省": [
    101.76792099,
    36.640738612
  ],
  "宁夏回族自治区": [
    106.206478608,
    38.5026210119
  ],
  "新疆维吾尔自治区": [
    87.5649877411,
    43.840380347
  ],
  "台湾省": [
    114.130474436,
    22.3748329286
  ],
  "香港特别行政区": [
    114.173291988,
    22.3072458588
  ],
  "澳门特别行政区": [
    113.566432335,
    22.1950041592
  ]
}
